USDT.com,active
Bitcoin.com,active
BTC.com,active
Ethereum.com,active
ETH.com,undelegated active
Tether.com,active
USDT.com,active
Bitcoin.com,active
BTC.com,active
Ethereum.com,active
ETH.com,undelegated active
Tether.com,active
USDT.com,active
Binance Coin.com,invalid
BNB.com,active
Cardano.com,active
ADA.com,active
XRP.com,active
XRP.com,active
Dogecoin.com,active
DOGE.com,marketed active
USD Coin.com,invalid
USDC.com,active
Polkadot.com,active
DOT.com,active
Uniswap.com,active
UNI.com,active
Binance USD.com,invalid
BUSD.com,active
Bitcoin Cash.com,invalid
BCH.com,active
Solana.com,marketed active
SOL.com,active
Litecoin.com,active
LTC.com,active
Chainlink.com,active
LINK.com,marketed priced active
Polygon.com,active
MATIC.com,active
Wrapped Bitcoin.com,invalid
WBTC.com,active
THETA.com,active
THETA.com,active
Ethereum Classic.com,invalid
ETC.com,active
Stellar.com,active
XLM.com,active
Internet Computer.com,invalid
ICP.com,active
Dai.com,active
DAI.com,active
VeChain.com,active
VET.com,active
Filecoin.com,active
FIL.com,active
TRON.com,active
TRX.com,marketed priced active
Aave.com,active
AAVE.com,active
Monero.com,active
XMR.com,active
EOS.com,active
EOS.com,active
SHIBA INU.com,invalid
SHIB.com,active
Terra.com,active
LUNA.com,active
,invalid
CRO.com,marketed active parked
PancakeSwap.com,active
CAKE.com,active
UNUS SED LEO.com,invalid
LEO.com,active
FTX Token.com,invalid
FTT.com,active
Algorand.com,active
ALGO.com,active
Maker.com,active
MKR.com,marketed active parked
Cosmos.com,active
ATOM.com,active
Bitcoin SV.com,invalid
BSV.com,active
Neo.com,active
NEO.com,active
Bitcoin BEP2.com,invalid
BTCB.com,active
Klaytn.com,active
KLAY.com,active
Amp.com,active
AMP.com,active
Compound.com,marketed priced active parked
COMP.com,active
Tezos.com,active
XTZ.com,active
IOTA.com,marketed priced active
MIOTA.com,marketed priced transferable active
Avalanche.com,marketed active parked
AVAX.com,active
Theta Fuel.com,invalid
TFUEL.com,active
TerraUSD.com,active
UST.com,active
The Graph.com,invalid
GRT.com,marketed active
Kusama.com,active
KSM.com,marketed active parked
Huobi Token.com,invalid
HT.com,active parked
Elrond.com,active
EGLD.com,active
BitTorrent.com,active
BTT.com,active
Waves.com,active
WAVES.com,active
Decred.com,active
DCR.com,active
Hedera Hashgraph.com,invalid
HBAR.com,active
Celsius.com,active
CEL.com,active
THORChain.com,active
RUNE.com,active
TrueUSD.com,active
TUSD.com,active
Chiliz.com,active
CHZ.com,active
Stacks.com,active
STX.com,active
Zcash.com,marketed priced active parked
ZEC.com,active
Dash.com,active
DASH.com,active
,active
YFI.com,marketed active parked
Synthetix.com,active
SNX.com,marketed active
XinFin Network.com,invalid
XDC.com,active
NEM.com,active
XEM.com,marketed priced active
Decentraland.com,active
MANA.com,active
Helium.com,active
HNT.com,marketed active parked
Telcoin.com,active
TEL.com,active
Enjin Coin.com,invalid
ENJ.com,active
SushiSwap.com,active
SUSHI.com,active
Holo.com,active
HOT.com,active
KuCoin Token.com,invalid
KCS.com,active
Paxos Standard.com,invalid
PAX.com,active
Quant.com,active
QNT.com,active
Nexo.com,active
NEXO.com,active
NEAR Protocol.com,invalid
NEAR.com,marketed active parked
Mdex.com,active
MDX.com,active
Zilliqa.com,active
ZIL.com,active
Basic Attention Token.com,invalid
BAT.com,active
Harmony.com,marketed active parked
ONE.com,active
Bitcoin Gold.com,invalid
BTG.com,active
Celo.com,active
CELO.com,active
Bancor.com,active
BNT.com,active
Axie Infinity.com,invalid
AXS.com,active
Curve DAO Token.com,invalid
CRV.com,active
Revain.com,marketed priced active
REV.com,active
Horizen.com,active
ZEN.com,active
Qtum.com,active
QTUM.com,active
ICON.com,active
ICX.com,active
Siacoin.com,active
SC.com,active
0x.com,active
ZRX.com,marketed active parked
Flow.com,marketed active
FLOW.com,marketed active
Ontology.com,active
ONT.com,active
SwissBorg.com,active
CHSB.com,active
Fantom.com,active
FTM.com,active
OKB.com,active
OKB.com,active
DigiByte.com,marketed priced active
DGB.com,marketed active
OMG Network.com,invalid
OMG.com,active
Nano.com,active
NANO.com,active
BakeryToken.com,marketed priced active parked
BAKE.com,active
UMA.com,active
UMA.com,active
HUSD.com,active
HUSD.com,active
Ankr.com,active
ANKR.com,active
Voyager Token.com,invalid
VGX.com,marketed priced active parked
Ravencoin.com,active
RVN.com,marketed active
1inch.com,active
1INCH.com,active
Neutrino USD.com,invalid
USDN.com,active
Arweave.com,active
AR.com,active zone
renBTC.com,active
RENBTC.com,active
Bitcoin Diamond.com,invalid
BCD.com,active
Ren.com,active
REN.com,active
Verge.com,active
XVG.com,marketed priced active parked
IOST.com,active
IOST.com,active
Livepeer.com,active
LPT.com,active
Reserve Rights.com,invalid
RSR.com,active
WazirX.com,active
WRX.com,marketed priced active parked
Lisk.com,active
LSK.com,active
Kyber Network Crystal Legacy.com,invalid
KNC.com,active
Golem.com,active
GLM.com,active
,active
KAVA.com,active
MaidSafeCoin.com,active
MAID.com,marketed active
Loopring.com,marketed active
LRC.com,marketed active parked
Gemini Dollar.com,invalid
GUSD.com,active
The Sandbox.com,invalid
SAND.com,active
Nervos Network.com,invalid
CKB.com,active
ASD.com,active
BTMX.com,active
WINkLink.com,active
WIN.com,active
Storj.com,active
STORJ.com,active
Gnosis.com,active
GNO.com,active
Ocean Protocol.com,invalid
OCEAN.com,active
GateToken.com,marketed active
GT.com,active
Wootrade.com,active
WOO.com,active
iExec RLC.com,invalid
RLC.com,active
Orchid.com,active
OXT.com,marketed priced active parked
Status.com,active
SNT.com,active
WAX.com,marketed active
WAXP.com,marketed priced transferable active
VeThor Token.com,invalid
VTHO.com,active
Dent.com,marketed active
DENT.com,marketed active
SKALE Network.com,invalid
SKL.com,marketed active parked
Mina.com,marketed active parked
MINA.com,marketed active parked
Band Protocol.com,invalid
BAND.com,active
Stratis.com,marketed active
STRAX.com,active
Origin Protocol.com,invalid
OGN.com,marketed priced active parked
Unibright.com,active
UBT.com,active
Bitcoin Standard Hashrate Token.com,invalid
BTCST.com,marketed priced active
Ontology Gas.com,invalid
ONG.com,active
Injective Protocol.com,invalid
INJ.com,marketed active
Alpha Finance Lab.com,invalid
ALPHA.com,active
Conflux Network.com,invalid
CFX.com,active
Prometeus.com,active
PROM.com,active
Ergo.com,active
ERG.com,active
,marketed active
FET.com,marketed active
Venus.com,active
XVS.com,marketed active
TomoChain.com,active
TOMO.com,active
Reef.com,active
REEF.com,active
Swipe.com,active
SXP.com,marketed priced active
StormX.com,marketed priced active
STMX.com,marketed active
SingularityNET.com,active
AGIX.com,marketed priced active
Uquid Coin.com,invalid
UQC.com,active
Augur.com,active
REP.com,active
IoTeX.com,active
IOTX.com,active
MVL.com,active
MVL.com,active
MCO.com,active
MCO.com,active
FUNToken.com,marketed priced transferable active
FUN.com,active
Orbs.com,active
ORBS.com,active
Civic.com,active
CVC.com,active
Energy Web Token.com,invalid
EWT.com,marketed active parked
Serum.com,active
SRM.com,active
NuCypher.com,active
NU.com,active
Celer Network.com,invalid
CELR.com,marketed active parked
Ardor.com,active
ARDR.com,active
Enzyme.com,active
MLN.com,active
Balancer.com,active
BAL.com,active
Numeraire.com,active
NMR.com,active
Cartesi.com,active
CTSI.com,active
Constellation.com,active
DAG.com,active
NKN.com,marketed active parked
NKN.com,marketed active parked
Steem.com,active
STEEM.com,active
ZKSwap.com,active
ZKS.com,active
Aragon.com,active
ANT.com,active
Phala Network.com,invalid
PHA.com,active
ZB Token.com,invalid
ZB.com,active
Metadium.com,active
META.com,active
ABBC Coin.com,invalid
ABBC.com,active
MediBloc.com,marketed active
MED.com,active
Ultra.com,marketed active parked
UOS.com,active
Hive.com,active
HIVE.com,active
Strike.com,active
STRK.com,marketed priced transferable active
Ark.com,active
ARK.com,active
BitShares.com,active
BTS.com,active
Hxro.com,marketed priced transferable active parked
HXRO.com,marketed priced transferable active parked
Everipedia.com,active
IQ.com,active
Ampleforth.com,active
AMPL.com,active
RSK Infrastructure Framework.com,invalid
RIF.com,marketed active
Polymath.com,active
POLY.com,active
JUST.com,active
JST.com,active
Wanchain.com,active
WAN.com,active
Haven Protocol.com,invalid
XHV.com,active
HEX.com,active
HEX.com,active
botXcoin.com,active
BOTX.com,marketed active
Wrapped BNB.com,invalid
WBNB.com,active
Fei Protocol.com,invalid
FEI.com,active
Egoras.com,active
EGR.com,marketed active
Counos X.com,invalid
CCXX.com,active
SafeMoon.com,active
SAFEMOON.com,active
Creditcoin.com,active
CTC.com,active
stETH (Lido).com,invalid
STETH.com,marketed active
Huobi BTC.com,invalid
HBTC.com,active
The Transfer Token.com,invalid
TTT.com,active
INO COIN.com,invalid
INO.com,active
Liquity USD.com,invalid
LUSD.com,active
WhiteCoin.com,active
XWC.com,active
Symbol.com,active
XYM.com,active
DeFiChain.com,active
DFI.com,active
ECOMI.com,marketed active
OMI.com,active
Venus BNB.com,invalid
vBNB.com,marketed priced transferable active
NXM.com,active
NXM.com,active
Zelwin.com,active
ZLW.com,active
Bitcoin Cash ABC.com,invalid
BCHA.com,active
TitanSwap.com,active
TITAN.com,active
Bitpanda Ecosystem Token.com,invalid
BEST.com,marketed active
Perpetual Protocol.com,invalid
PERP.com,marketed priced active
Pirate Chain.com,invalid
ARRR.com,marketed active parked
yOUcash.com,active
YOUC.com,active
HedgeTrade.com,active
HEDG.com,active
Orbit Chain.com,invalid
ORC.com,active
Mirror Protocol.com,invalid
MIR.com,active
Pundi X[new].com,invalid
PUNDIX.com,active
Bytecoin.com,active
BCN.com,active
HNC COIN.com,invalid
HNC.com,active
Persistence.com,active
XPRT.com,active
sUSD.com,marketed active
SUSD.com,marketed active
Frax.com,marketed priced transferable active parked
FRAX.com,marketed priced transferable active parked
Akash Network.com,invalid
AKT.com,active
Dawn Protocol.com,invalid
DAWN.com,active
Sologenic.com,active
SOLO.com,active
Raydium.com,marketed priced transferable active
RAY.com,active
Anchor Protocol.com,invalid
ANC.com,active
Doctors Coin.com,invalid
DRS.com,active
Klever.com,active
KLV.com,active
Keep Network.com,invalid
KEEP.com,active
KOK.com,active
KOK.com,active
KLAYswap Protocol.com,invalid
KSP.com,active
Orion Protocol.com,invalid
ORN.com,marketed active parked
Tribe.com,active
TRIBE.com,active
Toko Token.com,invalid
TKO.com,active
Ampleforth Governance Token.com,invalid
FORTH.com,active
Venus BTC.com,invalid
vBTC.com,active
Linear.com,active
LINA.com,marketed active
Sapphire.com,active
SAPP.com,active
MATH.com,active
MATH.com,active
dKargo.com,marketed active
DKA.com,active
CRYPTO20.com,active
C20.com,active
Divi.com,active
DIVI.com,active
DODO.com,active
DODO.com,active
PAX Gold.com,invalid
PAXG.com,active
BarnBridge.com,active
BOND.com,marketed active
Electroneum.com,active
ETN.com,active
aelf.com,active
ELF.com,active
inSure DeFi.com,invalid
SURE.com,active
STASIS EURO.com,invalid
EURS.com,active
LUKSO.com,active
LYXe.com,active
Metal.com,active
MTL.com,marketed active parked
,active
AVA.com,active
Rocket Pool.com,invalid
RPL.com,active
Tokenlon Network Token.com,invalid
LON.com,marketed active parked
Audius.com,active
AUDIO.com,marketed priced active parked
Render Token.com,invalid
RNDR.com,active
Newscrypto.com,active
NWC.com,active
Sun (New).com,invalid
SUN.com,active
Function X.com,invalid
FX.com,active
Populous.com,active
PPT.com,active
Oasis Network.com,invalid
ROSE.com,active
Cream Finance.com,invalid
CREAM.com,marketed active
Mobilian Coin.com,invalid
MBN.com,active
Wrapped NXM.com,invalid
WNXM.com,marketed priced active
Centrality.com,active
CENNZ.com,active
QuarkChain.com,active
QKC.com,active
MyNeighborAlice.com,active
ALICE.com,active
XeniosCoin.com,active
XNC.com,active
PAC Protocol.com,invalid
PAC.com,active
OriginTrail.com,active
TRAC.com,active
Venus USDC.com,invalid
vUSDC.com,active
Utrust.com,active
UTK.com,marketed active parked
Alchemix.com,active
ALCX.com,marketed priced active
Rally.com,marketed active parked
RLY.com,active
Komodo.com,active
KMD.com,marketed active parked
KardiaChain.com,active
KAI.com,active
ZEON.com,active
ZEON.com,active
Velas.com,active
VLX.com,marketed active
Gitcoin.com,active
GTC.com,active
Radix.com,active
EXRD.com,marketed priced transferable active
Polkastarter.com,active
POLS.com,active
BORA.com,active
BORA.com,active
Badger DAO.com,invalid
BADGER.com,marketed active
Streamr.com,active
DATA.com,active
Venus ETH.com,invalid
vETH.com,active
Sport and Leisure.com,invalid
SNL.com,active
Bytom.com,active
BTM.com,marketed priced active parked
COTI.com,marketed priced transferable active
COTI.com,marketed priced transferable active
MonaCoin.com,active
MONA.com,active parked
Venus XVS.com,invalid
vXVS.com,active
TokenPocket.com,active
TPT.com,active
Alien Worlds.com,invalid
TLM.com,active
Handshake.com,active
HNS.com,active
Small Love Potion.com,invalid
SLP.com,active
GNY.com,active
GNY.com,active
Rakon.com,active
RKN.com,active
Syntropy.com,active
NOIA.com,active
Oxygen.com,active
OXY.com,active
Elitium.com,marketed active
EUM.com,marketed active
,active
YFII.com,marketed active
AllianceBlock.com,active
ALBT.com,active
NewYork Exchange.com,invalid
NYE.com,active
Trust Wallet Token.com,invalid
TWT.com,active
Power Ledger.com,invalid
POWR.com,active
Kin.com,active
KIN.com,active
Vai.com,active
VAI.com,active
SafePal.com,active
SFP.com,active
EFFORCE.com,marketed active
WOZX.com,active
Hifi Finance.com,invalid
MFT.com,active
IRISnet.com,marketed active
IRIS.com,active
Secret.com,active
SCRT.com,active
Bonfida.com,active
FIDA.com,active
Automata Network.com,invalid
ATA.com,marketed active
QuickSwap.com,active
QUICK.com,active
district0x.com,active
DNT.com,marketed active parked
Sentinel.com,active
DVPN.com,marketed active parked
,undelegated active
MLK.com,active
TrustSwap.com,active
SWAP.com,active
Syscoin.com,marketed priced transferable active
SYS.com,active
MXC.com,active
MXC.com,active
,active
BIFI.com,active
Dero.com,active
DERO.com,active
TROY.com,active
TROY.com,active
Qcash.com,marketed active
QC.com,active zone
Chimpion.com,active
BNANA.com,active
WELL.com,active
WELL.com,active
PEAKDEFI.com,active
PEAK.com,active
Energi.com,active
NRG.com,active
Super Zero Protocol.com,invalid
SERO.com,active
Casper.com,active
CSPR.com,marketed priced transferable active parked
Hathor.com,active
HTR.com,marketed active parked
DAO Maker.com,invalid
DAO.com,active
RedFOX Labs.com,invalid
RFOX.com,active
XYO.com,marketed priced active parked
XYO.com,marketed priced active parked
Ethernity Chain.com,invalid
ERN.com,active
Chromia.com,active
CHR.com,active
RChain.com,active
REV.com,active
Kleros.com,active
PNK.com,active
DerivaDAO.com,active
DDX.com,active
Tellor.com,active
TRB.com,active
Sentinel Protocol.com,invalid
UPP.com,active
Carry.com,active
CRE.com,active
GlitzKoin.com,active
GTN.com,active
RSK Smart Bitcoin.com,invalid
RBTC.com,marketed active
Basid Coin.com,invalid
BASID.com,active
Sora.com,marketed active
XOR.com,active
Darma Cash.com,invalid
DMCH.com,active
ASTA.com,active
ASTA.com,active
Neutrino Token.com,invalid
NSBT.com,active
Loom Network.com,invalid
LOOM.com,active
Bloomzed Loyalty Club Ticket.com,invalid
BLCT.com,active
USDX [Kava].com,invalid
USDX.com,active
Aion.com,active
AION.com,active
Thunder Token.com,invalid
TT.com,active
ankrETH.com,active
aEth.com,marketed active parked
,active
CORE.com,active
Rari Governance Token.com,invalid
RGT.com,marketed active
Gas.com,active
GAS.com,active
VerusCoin.com,active
VRSC.com,marketed priced active parked
Molecular Future.com,invalid
MOF.com,marketed active parked
RAMP.com,active
RAMP.com,active
Dvision Network.com,invalid
DVI.com,marketed active parked
PARSIQ.com,active
PRQ.com,active
Poseidon Network.com,invalid
QQQ.com,active
Firo.com,active
FIRO.com,active
DxChain Token.com,invalid
DX.com,active
Atari Token.com,invalid
ATRI.com,active parked
Flamingo.com,active
FLM.com,marketed priced active parked
ReddCoin.com,active
RDD.com,marketed priced active parked
Litentry.com,active
LIT.com,marketed active
FIO Protocol.com,invalid
FIO.com,active
Venus BUSD.com,invalid
vBUSD.com,active
unFederalReserve.com,active
eRSDL.com,active
SONM [old].com,invalid
SNM.com,active
Akropolis.com,active
AKRO.com,active
Dock.com,active
DOCK.com,active
Refereum.com,active
RFR.com,active
MX Token.com,invalid
MX.com,active
Frax Share.com,invalid
FXS.com,marketed active
APENFT.com,marketed priced active
NFT.com,active
Gala.com,marketed active
GALA.com,marketed active
Ellipsis.com,active
EPS.com,active
Request.com,active
REQ.com,marketed active parked
bZx Protocol.com,invalid
BZRX.com,active
Belt Finance.com,invalid
BELT.com,active
MimbleWimbleCoin.com,active
MWC.com,active
Celo Dollar.com,invalid
CUSD.com,active
Groestlcoin.com,active
GRS.com,active
Crust Network.com,invalid
CRU.com,active
DAD.com,marketed active parked
DAD.com,marketed active parked
ShareToken.com,active
SHR.com,active
DIA.com,active
DIA.com,active
CUMROCKET.com,active
CUMMIES.com,active
LTO Network.com,invalid
LTO.com,marketed active parked
Marlin.com,active
POND.com,marketed active
Standard Tokenization Protocol.com,invalid
STPT.com,active
WHALE.com,active
WHALE.com,active
Hoge Finance.com,invalid
HOGE.com,active
CertiK.com,marketed priced active
CTK.com,active
Illuvium.com,active
ILV.com,active
Steem Dollars.com,invalid
SBD.com,active
Lido DAO Token.com,invalid
LDO.com,marketed active parked
Burger Swap.com,invalid
BURGER.com,active
Kadena.com,active
KDA.com,active
Rarible.com,active
RARI.com,active
Humanscape.com,active
HUM.com,active
HARD Protocol.com,invalid
HARD.com,active
Dego Finance.com,invalid
DEGO.com,active
Ultiledger.com,active
ULT.com,active
Verasity.com,active
VRA.com,active
MovieBloc.com,active
MBL.com,active
xDai.com,active
STAKE.com,active
Mask Network.com,invalid
MASK.com,marketed priced active
Zenon.com,active
ZNN.com,active
Auto.com,active
AUTO.com,active
BTU Protocol.com,invalid
BTU.com,active
Veritaseum.com,active
VERI.com,active
Oxen.com,active
OXEN.com,active
Elastos.com,active
ELA.com,active
Bluzelle.com,active
BLZ.com,active
AXEL.com,active
AXEL.com,active
CargoX.com,active
CXO.com,active
YIELD App.com,invalid
YLD.com,active
,active
VSYS.com,active
Aergo.com,active
AERGO.com,active
SuperFarm.com,active
SUPER.com,active
Hegic.com,marketed active parked
HEGIC.com,marketed active parked
Waltonchain.com,active
WTC.com,active
FC Barcelona Fan Token.com,invalid
BAR.com,active
Contentos.com,active
COS.com,active
AdEx Network.com,invalid
ADX.com,active
Dusk Network.com,invalid
DUSK.com,active
CoinEx Token.com,invalid
CET.com,active
Student Coin.com,invalid
STC.com,active
BASIC.com,active
BASIC.com,active
Massnet.com,active
MASS.com,active
PIVX.com,active
PIVX.com,active
PlatonCoin.com,active
PLTC.com,active
Liquity.com,active
LQTY.com,active
Juggernaut.com,active
JGN.com,active
BLOCKv.com,active
VEE.com,active
Nimiq.com,active
NIM.com,active
BOSAGORA.com,active
BOA.com,active
API3.com,active
API3.com,active
Bridge Oracle.com,invalid
BRG.com,active
Telos.com,active
TLOS.com,marketed priced transferable active parked
Beam.com,active
BEAM.com,active
Alpha Quark Token.com,invalid
AQT.com,active
mStable USD.com,invalid
MUSD.com,active
Apollo Currency.com,invalid
APL.com,active
TerraKRW.com,undelegated active
KRT.com,marketed active parked
Bitball Treasure.com,invalid
BTRS.com,active
Dragonchain.com,active
DRGN.com,active
Bella Protocol.com,invalid
BEL.com,active
NULS.com,active
NULS.com,active
Metronome.com,active
MET.com,active
Aavegotchi.com,active
GHST.com,active
Venus Reward Token.com,invalid
VRT.com,marketed active parked
DigixDAO.com,active
DGD.com,marketed active parked
Harvest Finance.com,invalid
FARM.com,active
Mithril.com,active
MITH.com,active
Anyswap.com,marketed priced active
ANY.com,active
Mirrored Invesco QQQ Trust.com,invalid
mQQQ.com,active
ARPA Chain.com,invalid
ARPA.com,active
WaykiChain.com,active
WICC.com,active
DSLA Protocol.com,invalid
DSLA.com,marketed priced active
BitMart Token.com,invalid
BMX.com,active
Strong.com,active
STRONG.com,active
Shopping.com,active
SPI.com,active
Selfkey.com,marketed priced active
KEY.com,active
BoringDAO.com,active
BOR.com,active
Galatasaray Fan Token.com,invalid
GAL.com,active
Mirrored Amazon.com,invalid
mAMZN.com,active
Tornado Cash.com,invalid
TORN.com,active
DigitalBits.com,active
XDB.com,active
Mirrored Apple.com,invalid
mAAPL.com,active
Nexus.com,active
NXS.com,active
Dogelon Mars.com,invalid
ELON.com,active
Lotto.com,active
LOTTO.com,active
Decentral Games.com,invalid
DG.com,active
,active
MRPH.com,active
MANTRA DAO.com,invalid
OM.com,active
RAI Finance.com,invalid
RAI.com,active
Nerve Finance.com,invalid
NRV.com,marketed active parked
Moss Coin.com,invalid
MOC.com,active
Bridge Mutual.com,invalid
BMI.com,active
KARMA.com,active
Bitcoin.com,active
BTC.com,active
Ethereum.com,active
ETH.com,undelegated active
Tether.com,active
USDT.com,active
Binance Coin.com,invalid
BNB.com,active
Cardano.com,active
ADA.com,active
XRP.com,active
XRP.com,active
Dogecoin.com,active
DOGE.com,marketed active
USD Coin.com,invalid
USDC.com,active
Polkadot.com,active
DOT.com,active
